Scholar Name,Scholar email,Guide #1 name,Guide #1 email,Guide #2 name,Guide #2 email
Taco Matic,tacos@example.com,Fluffy Corgi,corgis@example.com,Delicious Ice Cream,icecream@example.com
